FallingTime(t/s),BalanceVoltage(U/V)
12.67,29.0
21.32,91.0
24.31,105.0
30.25,106.0
15.4,247.0
21.3,136.0
29.1,285.0
29.0,156.0
20.3,206.0
20.3,198.0
22.3,315.0
27.2,333.0
34.0,263.0
11.62,219.3
21.18,63.7
17.24,14.7
24.49,69.7
29.84,150.6
32.62,35.0
9.27,72.0
4.68,126.0
22.68,70.0
18.28,11.0
25.83,202.5
12.44,246.0
35.38,62.67
61.16,58.5
12.39,322.17
16.9,215.0
17.2,217.0
17.1,218.0
16.7,214.0
16.9,224.0
20.3,206.0
17.1,217.0
20.3,223.0
24.6,178.0
18.2,201.0
19.73,274.3
13.35,257.8
11.52,228.2
17.06,240.8
23.21,223.7
20.9,274.3
14.13,257.8
14.23,228.2
18.22,240.8
24.87,223.7
14.45,259.0
23.42,233.3
29.79,318.3
20.45,199.67
29.91,161.5
7.1017,100.0
7.1,100.0
3.945,130.0
3.2117,245.0
3.745,65.0
1.53,153.0
8.75,185.0
30.87,302.0
11.61,147.0
6.28,130.0
5.5,103.0
21.14,98.0
22.8,234.6
26.92,178.8
28.89,325.0
28.51,68.0
22.76,114.4
10.42,40.17
22.7,60.17
33.12,273.67
21.23,140.83
11.95,191.67
33.6,95.0
19.2,239.0
21.22,183.0
29.68,93.0
11.47,293.0
24.34,116.3
21.28,145.8
59.43,63.8
23.94,207.7
25.44,198.0
11.34,144.0
12.33,65.3
29.53,95.3
31.01,145.6
17.67,242.0
23.87,224.2
16.92,258.7
7.26,118.2
6.279999999999999,85.7
6.39,148.5
4.66,193.8
14.2,200.8
30.71,312.25
29.81,159.2
20.58,49.0
25.02,194.3
68.53,99.7
53.54,116.8
9.54,163.67
20.33,147.0
14.58,264.67
3.41,245.0
23.77,157.33
23.77,107.67
27.59,67.0
21.73,254.0
16.72,161.0
27.66,132.0
49.4,14.0
28.5,40.0
12.33,55.0
9.46,65.0
79.0,12.24
30.86,286.0
12.24,79.0
30.880000000000003,286.0
15.9,138.0
10.86,212.0
23.7,86.0
23.68,96.0
18.6,212.0
23.68,86.0
34.45,102.0
21.12,141.0
9.08,35.2
23.15,85.5
48.06,17.5
6.73,32.3
38.9,57.4
32.7,71.92
6.31,159.8
6.12,193.8
25.5,190.0
25.66,36.3
26.12,35.7
21.38,135.5
29.2,285.0
29.05,194.2
24.03,203.0
25.17,156.2
26.91,183.5
6.5,229.7
7.32,337.0
3.85,150.0
11.15,148.0
5.9,193.0
63.86,89.0
13.36,66.17
20.35,64.17
15.14,112.5
12.51,233.3
22.37,253.7
26.67,114.0
26.22,115.0
27.12,115.0
27.05,118.0
26.9,116.0
11.64,70.0
11.67,67.0
11.5,64.0
11.98,68.0
11.54,66.0
4.59,94.0
4.61,94.0
4.58,96.0
4.7,97.0
4.83,94.0
7.47,23.0
7.71,23.0
7.48,22.0
7.82,24.0
7.49,24.0
31.29,28.0
29.82,28.0
31.01,26.0
31.36,26.0
30.63,29.0
5.08,15.0
5.18,15.0
5.24,15.0
5.17,15.0
5.19,15.0
20.61,285.67
27.91,172.0
31.41,285.0
20.89,280.67
21.31,273.17
29.36,60.67
46.33,80.67
13.24,88.0
21.24,145.17
19.43,48.33
27.39,54.33
3.85,208.0
4.05,272.0
2.99,226.0
4.06,266.0
3.82,216.0
2.01,239.0
10.94,50.2
33.34,90.3
27.36,116.2
34.0,251.0
19.69,207.7
11.48,79.3
14.64,153.3
14.9,149.17
25.29,101.67
6.22,31.0
5.17,96.17
3.55,48.0
58.76,27.0
5.92,87.0
21.14,35.0
33.25,24.0
27.64,41.0
16.21,136.0
15.36,144.0
45.27,76.0
56.79,41.6
79.13,38.0
7.61,346.0
29.27,219.0
10.05,322.0
24.99,261.0
10.63,311.0
25.47,213.0
19.21,156.0
4.91,191.0
6.45,166.0
21.99,202.0
22.61,162.0
14.91,191.0
16.45,166.0
20.9,274.3
14.13,257.8
14.23,228.2
18.22,240.8
24.87,223.7
14.98,221.7
23.73,67.0
25.61,71.0
31.33,95.0
58.06,102.0
58.36,114.0
28.82,109.0
2.31,188.0
2.41,161.0
4.53,93.0
9.2,104.0
2.59,87.0
17.29,35.0
17.47,35.0
17.31,35.0
17.18,35.0
17.41,35.0
23.46,140.0
23.23,140.0
23.58,140.0
23.4,140.0
23.31,140.0
18.47,27.0
18.62,27.0
18.41,27.0
17.98,27.0
18.32,27.0
18.37,126.0
18.28,126.0
18.39,126.0
18.4,126.0
18.23,126.0
60.66,19.0
59.87,19.0
61.02,19.0
60.56,19.0
60.42,19.0
28.93,11.67
10.13,46.5
12.71,20.83
31.56,14.67
5.17,27.33
20.02,153.25
19.97,201.0
31.1,107.75
18.16,144.75
50.6,154.25
20.12,201.5
6.43,42.5
14.18,38.0
3.21,90.8
18.05,27.7
4.8,67.7
4.74,62.0
20.0,120.0
26.43,142.5
24.18,138.0
23.21,90.8
18.05,127.7
24.8,167.7
7.17,137.2
10.23,135.3
21.83,101.5
4.26,116.0
10.74,92.3
5.53,86.0
20.84,110.5
20.15,119.33
20.07,125.67
43.53,38.0
73.27,61.0
66.83,66.0
83.9,21.0
26.74,18.0
32.64,91.0
19.92,122.8
9.4,113.2
9.49,115.0
11.12,139.8
20.98,111.3
3.68,116.5
24.65,221.0
24.62,209.0
10.01,108.5
26.09,150.2
6.22,250.2
12.53,35.0
30.06,147.0
29.56,149.0
43.08,183.0
12.66,40.2
64.49,18.2
25.76,20.8
10.04,30.2
9.43,36.0
19.81,150.0
22.54,160.0
6.62,240.0
8.24,120.0
10.31,139.0
18.24,120.0
20.31,139.0
18.62,240.0
16.57,163.0
5.3,131.0
19.44,195.5
4.31,149.16
5.57,95.0
5.32,132.0
7.38,231.0
26.54,214.0
10.85,165.0
22.61,162.0
20.99,202.0
19.21,155.0
14.91,191.0
19.35,157.0
16.21,166.0
20.1,201.5
23.93,229.0
23.33,240.0
29.53,160.0
5.8,151.0
21.48,136.0
19.49,197.0
12.450000000000001,207.0
33.03,132.0
26.75,178.0
10.24,22.0
25.63,170.0
23.74,190.0
21.18,210.0
18.3,235.0
15.01,268.0
11.72,290.0
21.77,179.0
18.25,196.0
14.08,228.0
10.26,280.0
9.61,290.0
12.43,244.0
29.62,153.0
21.35,177.0
17.63,195.0
15.54,212.0
12.44,243.0
12.93,235.0
41.01,168.0
22.32,216.0
17.98,251.0
26.97,197.0
30.17,186.0
16.3,263.0
21.3,166.0
18.61,200.0
20.34,181.0
17.13,222.0
17.96,213.0
16.19,234.0
21.16,170.0
16.9,192.0
14.28,222.0
15.07,206.0
12.91,239.0
9.65,290.0
29.12,285.0
14.58,247.0
17.05,168.0
24.87,226.0
27.52,258.0
41.14,187.33
12.56,264.17
23.24,239.83
36.7,247.5
25.46,225.17
18.28,221.0
19.9,195.0
22.14,246.0
25.47,179.0
28.29,260.0
32.97,247.0
31.22,146.5
19.71,200.17
21.23,257.0
13.43,131.0
52.12,153.0
32.82,258.0
12.52,169.0
30.32,149.0
17.44,145.8
13.5,160.3
25.39,131.5
25.2,140.8
20.49,179.8
27.53,174.0
10.87,266.0
24.05,241.5
27.2,199.67
20.0,206.83
23.15,156.83
17.91,179.67
13.52,153.5
12.62,170.17
25.93,199.5
5.95,29.5
6.81,99.0
8.07,69.5
17.14,105.2
2.63,46.7
2.69,80.2
31.295,152.67
24.73,208.5
12.55,142.83
13.17,275.0
23.065,251.5
10.37,216.0
10.8,215.0
10.42,216.0
10.34,215.0
10.21,216.0
10.23,216.0
23.21,40.0
23.52,39.0
22.9,39.0
23.61,40.0
23.1,39.0
23.23,39.0
21.17,102.0
21.24,101.0
21.35,102.0
10.37,216.0
10.8,215.0
10.42,216.0
10.23,216.0
10.21,216.0
21.17,102.0
21.24,101.0
21.35,102.0
21.05,102.0
21.4,101.0
22.03,71.0
21.95,70.0
22.17,71.0
21.87,70.0
21.97,70.0
10.63,152.0
10.57,151.0
10.42,152.0
10.74,152.0
10.48,151.0
10.71,152.0
6.78,118.5
20.47,117.0
20.4,118.5
20.7,283.0
22.6,182.0
15.6,248.0
19.85,206.0
25.0,220.0
25.61,217.0
7.61,199.0
18.05,151.0
14.76,175.0
22.71,281.0
25.04,200.33
24.97,206.33
25.48,220.17
25.92,203.67
27.13,186.3
20.07,215.0
21.02,204.5
20.27,215.5
20.75,216.0
17.05,221.2
24.99,211.67
20.92,213.5
15.88,183.5
24.91,212.3
16.96,155.8
9.94,179.0
11.88,150.8
26.41,193.3
30.53,156.0
19.32,219.0
21.98,185.0
27.2,185.0
11.47,154.0
12.5,91.0
12.77,91.0
12.4,91.0
12.69,91.0
12.6,91.0
3.32,34.0
9.51,25.0
6.74,31.0
5.87,45.0
13.9,213.0
42.35,204.3
25.01,203.3
24.82,211.2
22.25,117.0
27.96,194.5
29.03,160.0
25.97,197.5
34.02,141.67
40.34,223.5
32.87,147.0
34.72,137.5
4.14,61.0
5.92,157.0
5.88,151.0
1.59,99.0
2.62,96.0
3.87,118.0
3.04,165.0
23.62,146.67
21.35,101.17
12.92,67.0
32.68,66.33
26.38,33.17
23.62,146.67
21.35,101.17
12.92,67.0
32.68,66.33
26.38,33.17
0.67,272.5
0.62,194.5
1.0,265.3
0.68,233.2
0.9,283.0
11.17,262.2
23.34,150.0
19.66,198.5
3.05,249.8
23.02,161.0
23.6,167.0
23.46,167.0
23.21,170.0
23.2,171.0
20.95,170.0
20.35,177.0
20.48,181.0
20.31,181.0
20.5,183.0
28.44,164.0
28.68,159.0
28.97,160.0
28.91,154.0
28.26,155.0
20.7,195.0
20.34,196.0
20.57,193.0
21.03,197.0
20.81,192.0
23.28,167.67
20.54,178.83
28.65,159.0
20.67,194.0
23.2,170.0
15.37,295.0
16.28,270.0
18.37,229.0
20.54,203.0
25.26,181.0
15.39,295.0
16.0,268.0
16.31,267.0
16.5,269.0
16.05,273.0
25.83,202.5
12.44,246.0
35.38,65.67
61.16,58.5
12.39,322.17
12.1,228.7
14.56,146.5
10.86,180.5
23.29,240.2
11.95,234.0
20.55,188.0
20.42,192.0
20.46,194.0
12.27,217.0
40.96,209.0
27.2,184.0
16.37,142.0
13.24,169.0
21.02,192.0
15.95,220.0
19.98,222.6
16.96,164.3
24.69,165.8
14.83,160.5
24.68,192.3
19.38,35.17
17.03,28.67
14.17,18.33
20.34,18.67
25.76,62.67
20.18,15.5
37.19,45.0
26.47,98.0
23.07,119.0
26.9,78.0
27.19,74.0
17.88,176.5
39.67,71.83
11.5,58.0
27.85,51.0
29.91,161.0
10.3,75.0
34.5,51.0
30.47,36.5
20.35,36.2
27.6,16.7
27.02,12.7
27.54,34.5
53.42,25.0
57.05,113.33
9.13,160.33
4.73,139.67
20.1,30.33
32.65,302.5
53.425,25.0
33.58,43.0
33.02,43.0
37.62,46.0
33.3,43.0
33.14,44.0
31.63,42.0
42.18,57.0
42.75,55.0
43.01,57.0
41.29,56.0
41.75,57.0
41.7,57.0
17.75,93.0
17.4,93.0
17.51,90.0
17.78,91.0
18.1,91.0
17.83,90.0
20.62,83.0
24.5,205.0
19.0,294.0
20.3,198.0
17.6,257.0
15.7,248.0
24.5,205.0
20.5,195.0
17.2,257.0
20.3,198.0
15.7,248.0
24.7,207.0
24.5,206.0
24.7,206.0
12.92,197.0
23.58,150.0
23.44,160.0
14.74,241.0
20.69,290.0
14.6,235.0
27.612,73.167
30.007,16.0
12.643,127.167
31.273,51.333
21.027,188.167
44.25,193.17
44.26,193.17
43.2,194.0
24.64,194.0
24.86,229.67
19.28,219.0
20.16,108.33
16.1,87.83
26.01,125.0
17.2,335.0
18.32,75.33
33.64,14.5
16.13,8.0
27.02,17.67
26.61,11.0
18.25,227.8
21.94,168.7
30.17,18.765
51.5,9.775
76.17,19.59
57.67,9.16
67.0,28.47
18.765,30.17
9.775,51.5
19.59,76.17
9.16,57.67
28.47,67.0
9.69,23.0
10.12,23.0
9.86,23.0
10.01,23.0
9.97,23.0
9.93,23.0
6.29,38.0
6.18,23.0
6.3,38.0
6.33,38.0
6.26,38.0
5.66,20.0
5.72,20.0
5.49,20.0
5.63,20.0
5.71,20.0
5.4,20.0
5.13,78.0
5.11,78.0
5.06,78.0
5.09,78.0
5.2,78.0
24.28,14.0
24.11,14.0
24.25,14.0
24.21,14.0
24.33,14.0
10.57,28.0
10.62,28.0
10.69,28.0
10.55,28.0
10.64,28.0
32.38,31.0
32.19,31.0
32.22,31.0
32.34,31.0
32.31,31.0
19.9,53.0
19.88,53.0
19.82,53.0
19.91,53.0
19.78,53.0
34.11,69.0
34.19,69.0
34.2,69.0
34.08,69.0
34.15,69.0
19.86,153.0
35.56,230.0
20.86,264.0
21.04,296.0
34.08,169.0
24.04,169.0
34.08,70.0
26.0,220.16
22.33,203.33
25.7,224.7
14.15,154.5
6.31,260.0
24.95,192.0
25.76,197.0
19.62,78.0
4.3,256.0
14.42,124.0
20.94,183.0
24.9,209.0
21.43,188.0
26.51,190.0
19.17,121.0
9.94,241.0
10.05,208.0
9.0,219.0
11.58,198.0
8.7,217.0
10.13,224.0
19.63,171.0
16.22,232.0
14.0,169.0
21.4,284.0
24.6,156.0
12.9,250.0
19.6,206.0
17.6,135.0
21.58,0.12
27.16,0.11
16.91,0.32
29.15,0.35
11.34,0.18
35.32,241.21
23.23,211.89
21.28,136.0
29.1,156.0
16.97,168.0
20.29,198.0
15.4,247.0
19.02,294.0
31.4425,277.0
29.695,31.4425
18.96,21.0
29.695,166.67
7.8967,209.0
3.0517,198.83
23.3717,222.17
36.7025,209.0
34.89,127.0
17.15,145.0
12.54,101.3
24.66,127.3
18.66,40.5
44.4,21.5
10.03,52.0
21.2,136.0
29.1,285.0
22.3,315.0
17.0,168.0
27.2,333.0
29.1,156.0
19.17,211.17
17.68,180.33
13.3,129.0
3.07,58.67
19.18,72.17
13.2,70.83
19.18,172.17
13.2,270.83
29.2,42.0
60.0,28.33
47.0,27.31
28.33,60.0
28.05,49.0
12.23,123.0
12.27,141.0
11.89,138.0
14.2,37.0
13.86,35.0
14.39,38.0
13.97,35.0
50.82,47.0
52.54,42.0
26.03,47.0
31.78,28.0
32.09,28.0
26.1,45.0
32.35,29.0
23.82,147.0
16.66,126.0
27.67,186.0
20.97,207.0
18.94,176.0
18.2,113.0
21.3,136.0
21.8,137.0
21.6,135.0
21.0,258.0
21.3,29.0
21.4,259.0
21.2,258.0
29.2,284.0
29.1,285.0
22.3,315.0
17.0,168.0
29.0,156.0
6.83,272.0
23.45,174.0
15.4,207.0
7.25,242.0
5.0,251.0
23.1,256.0
10.67,19.0
11.06,19.3
21.52,78.5
17.65,257.3
20.31,198.2
19.07,294.3
15.71,247.7
21.3,136.0
23.08,108.0
22.93,124.0
19.15,156.0
19.52,150.0
32.84,133.0
6.24,111.16
17.81,201.33
14.35,139.0
15.48,173.0
12.01,121.0
12.0,254.0
10.0,280.0
20.51,293.0
19.8,204.0
23.48,66.83
24.35,40.8
22.68,25.5
7.11,145.67
1.59,56.83
26.08,132.5
19.01,170.33
25.03,221.83
22.26,273.83
20.43,286.5
57.21,126.25
41.07,22.0
18.255,7.0
47.23,6.0
42.845,12.3
40.54,26.0
41.06,20.0
40.99,25.0
41.2,19.0
41.64,19.0
72.4,66.0
48.0,23.54
66.0,72.8
47.6,23.61
138.8,11.44
93.0,26.24
108.8,30.67
25.8,138.0
15.0,300.0
56.0,110.0
45.0,156.3
28.0,310.5
20.74,138.5
30.02,156.67
30.69,203.83
23.28,237.5
27.5,185.0
23.42,223.67
15.24,215.0
20.88,275.6
12.125,160.0
21.03,133.17
21.7,252.0
16.51,160.17
18.18,171.0
27.18,333.67
22.07,176.5
20.6,291.0
18.45,223.33
20.81,176.83
25.87,152.17
25.31,170.0
25.01,205.83
15.71,160.5
12.02,17.17
5.66,180.67
9.82,120.83
5.2,143.83
12.45,322.17
27.62,181.8
23.51,209.3
25.38,221.3
18.1,238.8
21.47,255.0
20.44,144.0
31.85,272.3
15.38,158.5
26.5,191.3
25.56,207.2
20.36,159.8
28.1,153.8
24.66,127.8
33.67,144.0
25.07,177.3
23.06,212.0
15.19,172.0
14.47,191.0
25.94,207.0
28.23,262.0
20.09,202.0
23.86,163.2
4.94,230.2
21.5,175.0
12.14,151.0
144.0,32.28
6.68,213.0
14.25,150.0
14.15,148.0
14.35,149.0
13.84,146.0
13.85,143.0
13.95,144.0
14.06,146.6
4.04,273.1
11.46,205.5
10.75,220.1
4.95,156.5
7.81,254.0
11.18,275.5
14.08,210.8
15.07,162.0
14.96,162.0
14.87,163.0
15.1,162.0
14.93,163.0
15.11,162.0
2.84,292.0
2.7,292.0
2.75,293.0
11.51,224.0
9.58,207.0
15.92,262.0
2.3,280.0
21.39,235.0
12.91,162.0
4.12,181.0
5.78,230.0
22.22,254.0
20.44,197.0
27.76,179.0
29.5,337.0
34.22,154.0
32.96,137.0
32.85,137.0
4.787,204.3
10.22,145.0
11.48,218.0
11.88,233.2
4.801,181.0
20.92,148.0
27.528,191.0
22.883,130.0
17.86,186.0
27.283,219.0
12.33,56.0
20.08,201.0
18.19,85.0
20.75,113.0
11.56,64.0
24.38,114.0
14.96,306.17
17.38,155.0
4.26,127.0
4.22,139.83
17.44,153.33
30.25,153.0
13.88,258.0
13.72,177.0
34.22,268.0
26.24,197.0
12.46,173.0
10.97,292.7
15.86,279.7
25.91,190.0
25.46,203.0
6.32,164.67
5.02,261.16
2.43,233.0
2.04,284.67
2.04,190.83
1.05,204.0
23.33,135.0
15.18,299.0
20.58,163.0
10.72,206.0
10.72,260.0
13.54,206.0
16.63,165.0
37.0,106.2
21.7,46.3
33.2,260.5
18.6,213.7
19.3,100.5
19.6,97.2
7.72,172.0
20.9,277.0
15.9,226.0
11.7,190.0
29.54,161.0
12.41,151.5
23.27,232.3
21.27,169.3
18.75,205.5
31.87,286.0
26.81,205.7
9.69,23.0
10.12,23.0
9.86,23.0
10.01,23.0
9.97,23.0
5.13,78.0
7.12,78.0
7.99,78.0
7.93,78.0
10.01,78.0
43.0,7.43
7.99,43.0
7.33,43.0
7.28,44.0
10.23,25.0
10.45,25.0
10.97,25.0
10.95,214.0
19.82,61.0
26.27,190.0
33.88,105.0
10.21,104.5
43.6,175.0
30.5,172.0
30.0,105.0
18.29,107.0
18.54,107.0
17.78,107.0
18.25,107.0
18.91,106.0
18.64,106.0
25.41,204.0
26.95,205.0
26.45,206.0
26.71,205.0
26.04,205.0
26.27,205.0
25.37,126.0
25.63,125.0
25.78,125.0
26.52,125.0
25.16,126.0
26.31,126.0
25.77,189.0
27.25,189.0
26.18,189.0
27.26,189.0
18.4,106.7
26.31,205.0
25.8,125.5
26.33,188.8
25.96,198.2
31.22,162.0
5.133,98.0
4.047,86.83
24.668,25.67
17.54,239.5
20.265,13.0
20.27,13.0
23.547,9.0
29.32,91.17
53.24,116.333
23.45,46.83
25.16,84.3
17.1,221.5
5.93,147.0
18.84,89.0
7.21,120.0
6.49,114.0
6.04,155.0
26.52,13.5
17.9,42.5
26.9,116.0
10.84,32.67
18.36,137.17
17.54,48.67
21.7,252.1
23.75,209.2
22.19,230.0
29.81,218.03
21.49,255.2
22.665,60.0
20.625,200.0
9.8,154.5
11.46,143.0
9.22,207.0
15.7,248.0
24.3,205.0
17.6,257.0
19.0,294.0
20.3,198.0
15.4,247.0
12.9,27.67
4.06,73.0
10.57,23.33
6.16,27.0
3.08,65.0
2.98,39.0
4.29,136.5
3.54,65.0
1.09,82.2
20.01,36.0
2.14,46.0
23.26,162.3
7.39,76.0
30.45,45.0
34.69,90.7
29.03,66.0
36.88,111.0
21.52,259.0
11.83,191.5
21.77,266.0
22.58,173.0
12.25,161.5
21.73,12.17
89.87,35.17
20.78,50.67
22.16,59.33
6.17,77.17
26.48,22.33
13.48,283.7
21.45,80.5
33.57,100.7
23.98,349.8
33.57,60.0
23.98,100.7
24.04,349.8
22.14,176.3
33.57,66.0
20.93,33.1
19.85,202.5
29.12,284.8
25.63,139.0
19.56,207.5
20.93,112.8
32.34,284.8
20.4,16.0
2.17,125.0
4.91,71.0
1.39,228.0
4.78,172.0
20.98,16.0
9.08,151.3
9.61,151.5
4.86,151.0
4.81,151.3
7.01,151.8
25.25,214.0
24.94,172.0
21.98,172.0
20.22,298.0
18.22,201.0
29.0,156.0
30.81,161.0
24.54,178.0
16.95,168.0
20.3,206.0
58.056,104.0
20.328,138.0
25.472,129.0
5.59,197.0
24.158,224.0
5.286,120.0
7.06,61.3
21.74,21.8
2.92,129.5
3.85,312.0
6.84,129.0
7.12,131.0
15.85,312.0
23.84,129.0
19.12,131.0
20.3,206.0
24.6,178.0
20.3,223.0
17.0,218.0
18.2,201.0
5.1,221.0
7.58,94.0
3.39,156.0
23.92,232.0
2.89,285.0
4.98,153.0
19.93,181.0
28.47,186.0
15.1,221.0
21.79,168.0
17.55,100.0
16.93,190.0
19.19,158.0
20.79,202.0
5.76,285.0
40.3,28.0
16.6,189.0
16.94,129.0
17.42,125.0
15.13,97.0
13.95,87.0
12.52,250.83
23.0,245.5
19.11,165.83
12.97,153.5
14.07,177.0
10.43,146.0
25.13,152.0
15.68,177.0
20.83,186.0
14.85,159.0
17.98,157.0
9.12,198.3
12.33,245.8
24.63,207.8
4.69,159.8
4.96,159.0
8.59,183.8
31.66,141.2
11.8,168.3
29.98,286.5
23.43,217.8
16.25,193.5
21.02,238.2
26.07,191.5
6.76,186.0
5.53,39.67
2.1,235.3
2.51,186.3
3.14,107.3
14.59,200.0
22.98,238.2
19.07,220.0
20.22,145.83
17.33,245.0
48.85,160.0
11.63,173.0
10.96,217.0
18.32,249.0
12.41,116.33
20.52,272.5
10.22,167.5
13.41,180.8
23.95,216.67
7.86,149.7
4.3,183.5
22.9,80.5
6.91,42.83
6.11,213.33
17.86,149.7
14.3,183.5
16.11,213.33
45.68,203.0
44.67,219.0
43.62,237.0
43.75,250.0
44.36,278.0
42.65,304.0
24.3,155.0
22.97,178.0
24.24,202.0
23.5,219.0
23.65,231.0
23.05,246.0
42.22,231.0
41.68,257.0
41.73,273.0
43.69,290.0
47.96,304.0
25.27,134.0
48.71,150.3
10.36,216.5
5.96,241.0
20.35,289.0
9.25,273.1
18.23,112.0
19.25,273.1
14.89,273.1
13.36,216.5
17.2,257.0
21.4,151.0
28.2,153.0
25.4,151.0
28.1,152.0
28.8,149.0
27.4,151.0
27.2,149.0
6.0,215.0
5.92,214.0
5.77,212.0
5.8,211.0
5.7,211.0
5.79,211.0
3.71,200.0
3.77,201.0
3.84,198.0
3.78,200.0
3.85,200.0
25.62,268.0
28.19,265.0
25.91,265.0
25.04,264.0
25.7,264.0
26.02,265.0
17.0,167.0
16.2,169.0
16.8,169.0
17.1,168.0
16.8,168.0
44.12,248.5
23.61,205.0
43.83,279.0
25.73,218.0
22.03,193.0
33.23,186.0
29.35,90.5
19.41,127.5
30.14,112.5
5.88,31.0
12.9,39.7
12.0,7.8
3.9,19.0
8.72,29.8
23.0,100.0
33.1,104.0
18.22,142.5
35.91,122.0
23.73,162.5
27.32,72.0
8.265,197.5
8.308,201.0
13.8,175.0
11.845,201.0
9.41,215.0
4.02,152.2
14.51,195.0
15.755,175.0
13.8,215.0
9.41,152.2
4.8,12.17
4.32,31.0
4.32,15.33
5.27,45.67
4.29,20.0
19.2,12.17
17.28,31.0
17.32,15.33
21.08,45.67
17.16,20.0
25.74,12.17
25.92,31.0
55.98,9.0
31.62,45.67
32.98,235.0
25.9,200.0
25.95,200.0
55.96,61.17
25.95,99.0
36.98,235.0
24.22,150.0
2.69,164.8
6.99,171.2
21.68,181.5
10.07,296.0
21.05,196.8
21.56,263.5
26.85,188.0
12.62,247.2
12.99,170.7
9.86,184.3
11.71,159.3
27.386,176.39
23.0,247.33
17.37,247.5
19.38,153.0
18.11,334.0
19.04,302.0
15.83,272.0
17.46,142.0
18.13,233.0
21.59,271.5
20.93,156.0
22.65,168.0
22.82,255.0
0.01,0.01
0.01,0.01
0.01,0.01
0.01,0.01
33.04,103.0
20.3,192.0
10.69,176.0
9.95,120.0
31.02,148.0
4.17,166.0
15.54,192.0
29.33,156.0
29.5,151.0
22.48,254.0
30.38,149.5
15.35,247.83
23.61,155.0
18.75,172.67
34.4,254.3
24.6,205.8
20.3,206.0
24.61,178.0
20.3,223.0
17.0,218.0
18.21,201.0
19.49,241.0
29.05,158.17
29.03,161.0
13.28,143.0
10.41,146.33
9.84,157.5
11.87,150.17
14.79,180.17
16.02,201.17
10.78,257.5
10.58,270.0
7.11,219.0
3.38,154.0
5.41,165.0
5.46,168.0
6.21,152.0
7.0,219.0
3.35,154.0
5.54,165.0
5.58,168.0
6.34,152.0
7.43,219.0
3.52,154.0
5.3,165.0
5.51,168.0
6.06,152.0
15.4,247.0
15.7,248.0
17.6,257.0
20.3,198.0
19.0,294.0
24.3,205.0
20.17,192.0
17.64,257.0
20.8,284.0
17.0,168.0
20.45,196.0
20.17,192.0
20.45,196.0
20.8,284.0
17.64,257.0
17.0,168.0
28.05,85.83
11.95,160.67
9.36,171.33
22.76,164.33
19.7,153.33
19.37,150.5
19.68,214.0
24.92,208.0
22.15,265.0
20.82,280.0
14.96,197.0
22.61,259.0
16.84,258.83
14.91,239.3
16.08,211.3
18.69,137.5
12.13,167.7
21.5,152.3
14.8,154.0
26.8,150.0
25.0,181.0
15.0,216.5
24.23,224.0
31.01,157.0
20.88,192.0
20.76,186.0
11.98,212.0
22.9,228.0
30.75,282.0
17.26,245.0
22.94,159.0
27.32,72.0
23.73,162.5
35.91,122.0
33.1,104.0
23.0,100.0
16.55,100.0
10.53,108.0
10.2,249.0
10.55,149.0
10.35,62.0
9.64,114.0
5.95,96.0
10.31,88.0
4.83,135.0
10.68,301.0
8.13,228.0
13.02,67.0
17.88,162.83
7.2,221.0
10.27,251.0
10.38,236.0
15.65,225.0
5.53,173.0
23.89,220.0
21.2,202.0
23.97,228.0
20.36,214.0
24.41,211.0
19.57,84.0
6.3,343.0
17.4,217.0
21.9,52.0
17.1,159.0
17.7,159.5
87.64,64.8
11.256,152.0
23.38,150.6
27.74,159.5
27.03,159.0
25.33,141.5
29.13,185.2
32.865,90.0
13.445,40.7
11.84,22.0
10.355,136.2
17.523,81.0
10.437,275.0
2.81,287.83
8.68,153.67
23.53,162.5
1.35,217.0
10.36,287.83
9.0,190.5
18.91,220.5
32.2,301.5
15.15,196.83
12.35,134.0
13.27,147.0
14.78,198.0
32.03,162.0
10.84,261.0
6.286,28.0
8.007,44.0
25.442,104.0
7.382,45.0
11.538,25.0
6.212,31.0
6.268,28.0
24.59,204.0
22.6,154.0
18.55,222.0
19.61,202.0
25.07,209.0
72.61,23.67
6.15,58.0
4.62,126.67
22.39,97.67
2.8,110.0
18.29,171.0
35.06,38.0
20.94,128.0
53.5,134.33
12.61,105.0
20.39,101.0
26.02,68.0
20.19,68.0
25.13,54.0
25.3,147.0
25.34,220.0
20.16,218.0
22.44,174.0
30.39,297.0
31.11,154.0
16.55,160.0
22.59,166.0
23.78,234.0
24.42,141.67
21.77,250.0
11.06,284.0
22.94,233.0
3.92,166.2
5.85,147.3
4.46,210.7
8.86,274.0
12.94,174.0
23.66,151.0
19.82,123.0
19.53,122.0
26.36,133.0
17.87,226.67
19.03,227.0
22.13,280.33
21.75,93.5
14.76,225.0
14.55,227.0
15.36,230.0
15.96,219.0
16.26,223.0
16.36,226.0
17.7,217.0
20.12,228.0
19.87,231.01
18.51,229.0
18.62,227.0
16.33,220.0
22.1,282.0
21.72,275.0
21.33,90.0
20.15,87.0
21.07,92.0
20.83,89.0
21.22,95.0
20.91,88.0
28.67,120.0
26.42,123.0
26.85,118.0
26.71,121.0
26.59,119.0
26.9,122.0
10.02,191.5
5.07,146.0
23.43,149.0
6.51,239.0
9.93,192.5
18.62,116.5
14.25,128.2
25.75,132.8
13.54,80.2
17.88,146.0
23.69,230.0
13.68,159.0
19.45,128.0
20.23,144.0
25.39,134.0
28.58,34.5
15.25,103.7
15.31,107.3
16.37,52.0
24.52,14.8
28.44,34.0
29.12,33.0
28.57,36.0
28.76,35.0
28.54,34.0
28.05,35.0
15.33,101.0
15.3,106.0
15.42,104.0
15.01,105.0
15.19,104.0
15.24,102.0
15.31,108.0
15.22,110.0
15.13,108.0
15.26,106.0
15.58,107.0
15.37,105.0
15.37,108.0
15.94,54.0
16.85,50.0
16.28,52.0
16.14,52.0
16.41,51.0
16.57,53.0
24.76,14.0
24.51,16.0
24.81,15.0
24.37,15.0
24.14,13.0
24.55,16.0
17.8,124.17
25.66,106.17
30.2,109.0
23.97,114.67
12.61,105.0
20.39,101.0
26.02,47.0
20.19,68.0
25.13,54.0
19.91,200.33
22.55,160.0
25.17,207.33
16.14,212.0
11.54,209.84
29.2,168.17
22.48,159.0
34.68,175.0
26.71,260.0
21.4,152.0
27.38,183.0
27.69,165.0
27.69,265.0
26.71,160.0
27.92,37.0
59.0,7.89
5.57,102.0
11.67,66.0
23.63,115.0
21.16,9.0
28.0,119.73
18.92,227.17
27.57,243.5
24.51,216.17
23.44,215.83
44.32,266.0
37.84,278.0
36.32,277.0
40.96,279.0
41.92,277.0
40.68,275.67
9.0,241.17
74.464,122.5
70.09,105.5
3.12,219.0
16.98,189.0
22.76,236.0
20.99,272.0
17.6,257.0
25.84,205.0
16.59,152.8
19.59,209.5
25.61,201.0
25.47,218.2
22.27,162.5
26.9,172.33
22.22,235.83
30.7,143.0
21.17,174.67
20.29,285.0
21.19,129.8
27.06,119.67
13.7,104.2
24.72,148.2
24.98,145.0
19.55,125.84
24.14,153.5
28.49,176.17
26.09,198.83
11.94,151.83
37.76,15.67
32.57,24.17
32.57,24.17
11.62,20.0
13.35,36.67
25.82,27.0
17.51,50.0
23.615,157.16
28.485,214.16
24.35,161.5
20.47,153.15
25.415,223.6
3.92,26.3
10.45,25.2
6.97,14.7
4.02,18.5
6.3,255.2
19.58,149.7
19.88,145.8
16.63,201.8
22.63,231.83
19.76,291.5
21.06,180.0
4.63,190.67
9.94,217.33
4.31,224.67
9.47,78.0
9.49,65.0
17.18,81.0
3.92,130.0
16.3,197.0
9.47,78.0
6.49,65.0
17.3,81.0
3.92,130.0
62.0,8.85
20.0,200.0
16.5,242.5
34.0,183.0
25.0,220.0
14.17,267.17
40.0,161.0
28.0,220.0
22.3,261.0
28.0,220.0
18.3,290.0
40.0,171.0
20.27,204.0
15.26,279.0
18.03,243.0
27.88,192.0
17.61,230.0
11.32,215.0
6.08,224.0
21.35,107.0
16.74,186.0
11.31,208.0
26.09,213.0
12.39,177.0
17.18,109.0
10.08,228.0
9.03,169.0
12.08,121.0
15.74,132.0
11.25,209.0
1.7,148.0
3.0,284.0
8.05,242.0
25.5,230.0
104.0,31.49
20.93,284.0
21.49,104.0
20.25,207.0
21.71,148.0
15.05,242.0
2.72,54.5
7.25,113.5
3.34,126.2
17.33,126.0
2.24,264.6
5.78,52.8
19.4,153.0
19.1,151.0
20.1,153.0
19.4,155.0
18.9,154.0
29.3,228.0
28.9,250.0
29.1,232.0
29.1,239.0
28.9,237.0
22.5,219.0
23.7,217.0
23.7,223.0
23.4,220.0
23.0,217.0
17.9,163.0
17.9,159.0
17.8,164.0
17.6,166.0
17.8,160.0
21.7,176.0
21.9,174.0
22.1,170.0
21.9,168.0
22.1,167.0
32.2,281.0
32.7,283.0
32.8,283.0
32.4,280.0
33.2,283.0
20.84,330.5
10.89,249.5
11.47,240.33
21.37,102.0
15.51,98.17
21.61,98.0
20.04,146.0
23.46,108.0
19.61,199.0
22.01,163.0
17.18,144.0
11.55,27.83
20.76,12.67
5.45,28.83
25.89,16.5
18.03,13.67
17.55,216.17
27.43,184.17
12.17,166.83
11.28,165.83
25.78,185.5
21.62,180.17
31.18,155.83
34.48,258.0
17.27,158.67
25.32,219.17
25.22,213.33
22.08,268.67
20.52,187.2
25.46,131.7
18.14,167.8
29.93,155.7
21.85,125.8
26.46,186.2
5.09,43.0
4.02,97.0
6.51,87.0
2.9,155.0
24.18,37.0
21.7,253.0
29.4,178.0
12.18,339.0
34.88,241.2
27.33,179.5
22.06,243.5
14.48,242.7
35.9,270.7
3.66,142.7
5.31,117.7
6.96,137.0
13.96,202.33
10.16,190.33
11.52,237.0
12.0,188.7
35.9,270.7
12.39,208.7
20.11,304.3
22.05,243.5
19.53,71.0
46.64,6.0
59.74,87.0
79.16,62.0
72.81,60.0
23.22,161.5
49.56,162.2
24.15,222.5
23.57,171.0
16.9,148.67
15.58,169.5
23.67,216.0
18.17,224.17
17.47,182.5
22.54,248.0
28.95,276.7
24.0,151.5
18.26,205.3
19.3,221.5
16.71,181.0
30.83,289.0
31.13,270.0
18.05,167.5
32.48,277.0
18.52,137.0
8.76,187.0
31.92,145.0
9.61,215.0
22.87,246.0
23.28,223.0
29.15,178.0
17.17,235.0
10.23,227.0
21.82,278.0
23.42,162.5
20.5,206.0
24.7,163.8
29.92,268.8
17.0,218.0
24.6,178.0
16.5,218.0
29.2,153.5
6.74,193.17
13.16,177.5
7.45,178.5
10.91,250.0
13.05,183.5
23.42,233.3
20.45,199.67
23.54,153.67
27.82,184.5
22.25,208.67
19.13,223.5
26.22,241.83
30.88,152.33
17.26,190.33
17.63,249.5
15.4,222.83
23.74,214.67
25.74,206.67
23.218,22.5
26.9,10.0
22.905,28.0
13.86,17.0
26.79,24.0
26.607,94.0
22.867,159.0
22.52,169.0
14.675,189.0
28.547,165.0
25.14,221.0
25.71,247.0
18.21,165.0
22.65,201.0
20.36,235.0
22.33,237.0
53.54,58.0
18.1,147.0
18.75,167.0
31.91,93.0
37.94,112.0
7.93,75.0
36.04,243.0
10.51,290.0
11.83,224.0
16.41,169.0
12.32,185.0
15.59,247.0
21.95,314.0
20.3,206.7
21.47,191.0
20.11,105.7
29.29,66.33
12.87,300.33
29.29,66.3
26.28,139.33
1.84,273.0
2.55,268.0
41.45,200.0
47.85,150.0
24.26,206.0
5.73,284.0
20.69,288.0
28.07,177.0
34.17,134.0
20.67,127.0
5.66,127.0
20.81,286.0
28.98,113.5
42.85,168.67
36.29,105.17
36.45,112.17
21.36,107.33
17.24,190.0
4.878,33.0
22.866,9.8
25.9,8.0
6.287,55.8
5.347,288.8
6.94,22.0
7.3766,51.33
5.415,78.9
6.137,110.67
5.75,159.8
36.88,111.0
22.867,159.0
23.97,114.67
13.2,270.83
62.58,100.0
18.66,170.5
25.79,102.7
12.64,179.8
12.07,115.0
20.72,227.5
27.19,199.1
40.0,179.7
17.8,202.8
13.33,185.5
10.08,248.75
16.48,162.75
16.47,164.75
9.09,196.75
28.35,173.0
15.33,185.5
16.58,248.75
19.09,196.75
25.06,208.0
21.75,173.0
16.5,199.0
15.17,190.0
20.66,283.0
17.85,246.0
21.7,173.0
16.41,199.0
22.03,243.17
23.21,150.33
9.74,196.83
36.22,277.17
8.72,228.33
26.44,202.0
29.8,106.5
17.92,172.2
18.88,237.7
12.26,220.0
13.05,183.3
25.28,144.83
23.72,115.83
18.02,237.0
23.6,158.5
23.78,225.83
27.6,119.33
10.83,75.5
6.3,15.0
18.72,33.0
30.29,18.0
21.35,25.0
21.01,72.0
12.79,242.0
36.08,229.0
17.73,250.0
3.39,224.0
12.68,251.0
18.08,177.0
19.06,212.67
11.21,133.33
22.47,238.17
20.83,189.17
11.44,203.67
5.27,148.83
14.4,195.0
33.54,130.0
19.75,203.0
23.49,157.0
30.93,284.0
19.63,306.0
20.89,184.5
31.67,290.17
18.61,168.33
25.52,201.5
4.8,12.17
4.32,31.0
4.32,15.33
5.27,45.67
4.29,20.0
19.2,12.17
17.28,31.0
17.32,15.33
21.08,45.67
17.16,20.0
25.74,12.17
25.92,31.0
55.98,9.0
31.62,45.67
32.98,235.0
25.9,200.0
25.95,200.0
55.96,61.17
25.95,99.0
36.98,235.0
24.22,150.0
24.4,135.5
12.87,190.7
15.89,137.5
12.37,135.8
27.18,177.0
20.049999999999997,218.0
20.19,216.0
20.32,218.0
27.53,174.0
24.05,241.5
12.43,243.0
27.2,199.67
10.9,161.0
17.75,144.0
32.39,280.0
32.85,143.5
20.18,210.0
26.81,190.67
26.54,189.17
25.11,205.33
28.78,169.3
27.03,214.7
10.41,339.5
10.17,246.8
3.53,255.7
11.56,239.5
4.41,145.2
23.7,149.3
10.86,247.0
24.81,103.8
22.4,241.7
30.2,303.7
3.71,170.3
12.54,87.8
2.658,162.3
9.227,117.0
6.673,68.17
27.085,53.5
30.69,154.0
18.57,278.0
16.56,256.0
23.32,229.0
23.52,238.0
32.77,283.0
21.89,171.5
21.39,172.0
17.78,180.83
15.68,210.83
23.45,230.67
16.96,252.0
22.02,162.0
42.15,175.0
47.13,157.0
23.77,153.0
21.28,173.0
48.23,166.0
7.54,263.0
25.12,224.0
9.88,226.0
30.79,156.0
12.77,178.0
3.2,231.0
27.2,184.0
15.95,220.0
20.92,193.0
41.06,208.0
16.57,140.0
13.24,169.0
13.17,64.67
21.52,29.83
3.3,128.33
20.5,193.0
3.94,281.0
21.81,170.5
21.28,173.0
17.74,180.5
16.97,252.0
23.45,230.67
16.0,127.17
11.16,171.17
5.07,185.0
3.78,229.0
3.65,206.33
5.99,190.67
15.07,185.0
13.65,206.33
25.74,10.0
18.09,112.0
10.68,271.0
11.85,74.0
4.93,169.0
4.33,30.0
18.96,279.33
24.85,72.67
21.08,131.83
19.8,117.5
19.25,164.0
14.31,152.0
35.9,113.0
18.16,203.0
24.0,183.0
43.95,164.0
136.0,8.28
29.04,155.0
15.35,220.0
27.61,177.0
22.72,235.0
26.81,197.0
14.27,205.0
29.57,158.0
21.77,256.0
17.79,175.0
24.9,144.0
11.106,175.2
12.63,194.8
3.56,178.0
12.29,156.5
30.61,148.5
20.78,183.0
25.32,210.0
15.99,163.2
15.86,156.3
26.17,195.8
25.27,218.0
25.51,151.3
15.99,163.2
15.86,151.3
26.17,195.8
25.27,218.0
14.5,162.3
26.12,151.3
25.5,151.3
23.35,160.0
23.01,159.0
23.49,164.0
24.89,156.0
22.15,158.0
25.66,135.0
25.01,138.0
25.16,132.0
25.56,130.0
25.9,128.0
18.01,163.0
18.67,165.0
19.2,166.0
19.37,164.0
18.26,167.0
17.11,256.0
16.85,252.0
17.32,253.0
16.99,249.0
17.15,251.0
23.0,159.2
25.6,133.2
18.8,164.5
17.2,251.8
23.05,186.7
23.94,178.5
18.85,258.5
20.66,210.3
13.45,217.7
22.48,169.83
18.395,239.0
25.765,212.33
25.27,216.33
20.31,187.0
22.23,246.0
22.89,155.0
17.0,168.0
24.04,149.0
13.99,179.0
30.75,283.0
14.43,172.0
24.78,207.0
16.49,285.0
19.2,245.0
23.45,198.0
26.78,175.0
17.83,260.0
21.32,225.0
15.4,247.0
20.3,199.0
17.6,257.0
20.5,208.0
24.6,178.0
29.1,154.0
0.02,0.02
48.11,145.0
19.13,215.2
10.26,104.7
64.12,110.0
7.91,76.1
7.91,176.1
35.3,234.0
21.31,50.0
18.8,156.0
20.55,188.0
11.7,39.0
30.19,155.0
16.23,286.0
15.87,292.0
16.52,284.0
15.65,294.0
16.08,289.0
18.54,172.0
18.13,177.0
18.86,170.0
17.91,179.0
18.35,175.0
20.27,226.0
19.82,230.0
20.58,222.0
19.64,233.0
20.03,229.0
17.86,199.0
17.42,203.0
18.15,196.0
17.28,207.0
17.63,201.0
21.56,256.0
21.14,262.0
21.82,253.0
20.93,265.0
21.37,259.0
15.94,163.0
15.58,167.0
16.21,160.0
15.36,171.0
16.09,165.0
16.27,155.0
15.82,158.0
16.58,153.0
15.64,160.0
16.03,157.0
17.86,165.0
17.42,168.0
18.15,163.0
17.28,170.0
17.63,166.0
15.92,156.0
15.76,159.0
16.18,157.0
15.63,161.0
15.89,158.0
16.35,168.0
16.12,171.0
16.58,166.0
15.97,173.0
16.24,169.0
42.36,215.0
41.82,223.0
43.15,218.0
40.97,227.0
42.08,221.0
40.36,215.0
39.82,223.0
41.15,218.0
38.97,227.0
40.08,221.0
38.36,215.0
37.82,223.0
39.15,218.0
36.97,227.0
38.08,221.0
6.33,199.8
25.26,67.8
10.51,144.8
8.68,218.2
9.98,178.3
42.86,151.0
52.75,175.0
13.06,165.0
50.82,182.0
25.69,157.0
33.44,249.0
15.08,152.0
17.08,155.0
22.91,233.0
23.07,232.0
22.7,231.0
22.73,229.0
22.76,231.0
22.81,231.0
22.83,231.17
21.8,137.0
29.050000000000008,156.0
15.46,247.0
20.34,198.0
24.36,205.0
16.01,226.0
22.01,279.0
21.49,263.0
18.67,234.0
25.62,210.0
35.95,228.0
27.81,315.0
9.72,299.17
15.89,205.5
19.6,276.5
17.87,170.0
9.98,111.0
10.19,81.0
8.31,117.0
20.09,145.0
26.76,182.0
15.13,221.0
17.44,240.0
20.26,285.0
20.18,190.0
20.055,193.3
20.915,195.83
9.89,186.33
7.03,248.33
9.01,292.5
7.643,200.67
27.13,118.17
14.14,249.5
20.35,191.0
12.55,157.0
24.15,35.8
8.2,11.8
17.92,18.0
32.9,17.0
23.79,78.0
23.09,77.0
78.0,23.08
77.0,23.64
78.0,23.75
25.03,200.0
25.21,200.0
25.16,198.0
25.1,197.0
25.61,199.0
24.55,217.0
24.53,216.0
24.62,217.0
24.35,216.0
24.57,216.0
11.81,152.0
11.51,152.0
11.19,153.0
11.4,152.0
11.61,151.0
11.26,161.0
11.49,160.0
11.26,161.0
11.17,162.0
11.24,161.0
11.15,156.0
11.24,156.0
11.17,156.0
11.09,156.0
11.2,157.0
15.55,221.33
24.21,209.17
21.78,251.17
22.22,230.0
21.49,255.67
21.585,179.5
16.57,297.7
24.232,187.8
18.33,253.3
27.245,18.33
15.8,174.0
20.74,145.0
24.47,146.0
22.58,250.0
27.49,183.0
12.74,203.3
20.83,274.83
9.718,56.0
16.84,124.67
19.45,154.3
29.33,163.83
21.6,250.0
21.2,254.0
23.6,212.0
22.2,253.0
21.2,252.0
21.8,253.0
22.1,251.0
3.73,170.0
3.84,170.0
3.92,168.0
3.88,171.0
3.81,167.0
24.8,209.0
23.2,208.0
24.0,210.0
23.4,209.0
23.4,208.0
29.7,220.0
29.2,218.0
22.14,263.0
20.81,277.0
22.17,262.0
22.18,260.0
22.47,262.0
22.17,262.0
21.12,275.0
21.12,275.0
20.98,274.0
20.66,275.0
20.94,277.0
19.12,221.0
18.98,221.0
19.3,222.0
19.27,223.0
18.82,221.0
19.06,221.0
18.76,227.67
26.25,121.5
21.86,94.5
19.03,227.0
17.87,226.67
20.51,184.5
20.06,193.0
21.23,263.83
16.32,196.1
28.77,174.17
20.3,162.0
20.02,159.0
23.46,238.0
4.81,225.0
4.3,266.0
18.11,172.0
25.5,266.0
9.62,151.7
33.87,130.2
25.86,188.0
10.08,26.0
7.45,23.99
23.67,73.7
17.87,185.67
11.96,202.83
12.32,236.5
19.15,213.33
5.1,260.33
32.6,268.0
18.14,222.0
16.36,256.0
24.81,16.0
11.89,162.0
24.81,162.0
24.81,213.0
21.15,175.0
5.34,200.3
2.26,180.0
24.07,160.3
7.78,220.0
10.78,240.3
3.92,210.5
25.77,198.2
22.31,123.8
6.44,33.0
10.49,55.3
25.92,220.2
4.45,69.8
15.4,246.0
25.7,247.0
20.3,257.0
19.0,198.0
24.3,205.0
20.62,216.0
31.04,230.33
21.53,255.83
21.74,252.17
23.78,209.33
22.24,230.0
7.0,125.0
44.44,154.0
21.83,285.0
21.75,156.0
15.98,136.0
20.77,186.0
20.29,188.0
20.34,189.0
20.38,188.0
20.87,189.0
12.1,215.0
12.01,218.0
12.28,217.0
12.72,217.0
12.22,217.0
20.71,194.0
20.33,195.0
20.57,195.0
20.39,194.0
20.36,193.0
23.51,119.5
33.39,135.0
17.0,128.17
19.56,110.17
17.75,106.0
14.045,202.5
18.21,332.5
46.33,161.0
14.98,239.8
20.32,301.5
27.88,90.0
27.06,100.0
27.66,93.0
27.549999999999997,95.0
27.71,92.0
27.31,96.0
16.63,205.0
16.03,209.0
16.23,207.0
16.37,206.0
16.71,203.0
16.79,203.0
3.51,270.0
3.42,272.0
3.6,268.0
3.57,269.0
3.39,273.0
3.67,265.0
14.71,104.0
27.53,94.3
16.46,205.5
3.53,269.5
14.72,103.8
6.83,171.2
17.799999999999997,149.67
28.8,192.5
28.52,119.0
9.15,159.0
20.6,96.0
11.37,120.33
16.11,197.33
23.58,220.33
23.16,219.67
14.810000000000006,239.83
30.19,306.17
20.22,204.5
19.71,158.83
22.89,160.67
12.85,194.67
19.74,205.17
19.67,154.5
12.12,186.67
11.4,208.83
17.63,172.17
23.62,219.5
29.85,306.17
19.03,158.5
13.53,214.3
22.37,68.3
26.25,37.5
20.19,117.0
13.53,214.3
31.17,273.0
19.82,286.0
31.5,287.0
18.74,299.0
20.44,153.0
11.01,183.0
15.8,273.0
20.19,194.0
15.43,225.0
28.9,155.0
38.83,114.0
36.76,114.0
37.28,105.0
39.26,103.0
37.16,113.0
38.4,105.0
28.19,175.0
28.46,174.0
27.46,175.0
27.74,175.0
28.21,173.0
24.23,195.0
25.51,197.0
11.68,226.0
11.69,227.0
11.53,226.0
11.42,227.0
11.73,228.0
11.83,224.0
24.88,200.0
25.64,202.0
26.52,203.0
25.65,200.0
26.12,202.0
25.76,202.0
21.3,136.0
29.1,285.0
22.3,315.0
17.0,168.0
29.0,156.0
20.6,191.0
17.2,168.0
29.1,156.0
8.28,150.17
9.3,56.17
5.02,89.0
2.94,100.67
21.09,144.17
9.936,150.17
11.16,56.17
6.024,89.0
3.528,100.67
25.308,144.17
4.13,61.33
15.81,173.0
27.78,184.0
30.56,154.0
35.6,61.33
24.55,89.0
22.1,197.0
17.25,223.5
17.1,219.0
26.9,291.0
34.59,152.5
20.9,291.0
24.83,217.0
4.45,206.0
6.77,207.3
21.87,175.0
10.27,94.7
9.14,243.0
47.16,175.0
29.69,305.0
23.86,183.6
13.9,223.0
31.72,274.2
32.08,189.5
25.63,215.0
38.42,250.5
16.0,279.6
22.0,199.6
14.44,199.6
15.99,215.0
20.86,279.6
42.19,189.5
17.74,250.5
13.86,205.3
25.12,205.2
19.02,281.5
27.64,168.2
28.17,179.5
13.5,180.8
13.7,204.0
13.77,206.0
13.66,207.0
14.06,206.0
13.47,204.0
13.88,205.0
24.88,205.0
25.49,204.0
24.8,207.0
25.08,204.0
25.11,207.0
25.66,207.0
18.77,282.0
18.88,279.0
19.18,283.0
19.09,283.0
19.28,280.0
18.91,282.0
27.46,168.0
27.69,169.0
26.94,171.0
27.69,168.0
27.6,166.0
27.64,167.0
28.13,180.0
28.38,181.0
28.04,180.0
27.91,178.0
28.22,178.0
28.32,180.0
13.47,182.0
13.33,181.0
13.61,180.0
13.69,180.0
13.45,181.0
28.51,304.0
30.31,317.0
28.77,309.0
29.07,310.0
28.24,313.0
29.8,320.0
51.53,133.0
21.58,93.0
20.38,95.0
20.33,96.0
20.8,96.0
20.42,97.0
20.91,96.0
30.25,316.0
30.32,315.0
30.04,319.0
29.93,320.0
26.22,103.0
25.56,102.0
25.69,101.0
24.71,102.0
25.64,102.0
25.97,104.0
24.29,130.0
26.21,131.0
26.4,130.0
25.49,131.0
25.6,131.0
25.2,130.0
17.21,152.0
17.59,153.0
17.48,151.0
17.11,152.0
16.87,150.0
17.03,151.0
43.88,169.0
44.49,167.0
43.27,166.0
44.77,168.0
43.96,167.0
44.96,168.0
37.18,191.0
37.495,226.67
19.533,180.5
26.4,192.67
17.74,180.5
30.645,152.0
18.728,322.0
18.85,324.0
18.323,293.3
29.02,275.5
17.8,220.8
16.21,249.5
12.34,320.0
8.62,291.17
14.76,197.33
23.68,235.0
13.27,162.0
25.15,212.5
23.85,237.2
21.15,179.7
26.31,182.2
23.04,262.7
18.07,225.7
13.08,141.0
22.45,162.0
11.98,163.0
21.56,136.0
15.77,170.0
18.75,168.0
23.64,103.0
27.24,119.0
27.71,170.0
28.34,126.0
27.48,116.0
20.31,191.67
22.05,164.33
22.74,165.17
28.6,180.0
18.35,215.67
18.59,220.17
24.17,210.5
12.01,250.17
26.17,200.67
25.89,195.0
29.47,166.5
27.27,180.5
16.51,190.0
19.27,155.0
23.1,174.0
15.5,177.0
13.16,111.3
18.23,89.0
28.48,83.17
26.36,201.0
9.985,161.3
25.19,201.83
17.16,158.3
19.01,323.67
25.01,219.5
18.92,131.17
22.12,268.67
31.25,46.5
19.81,30.0
23.86,91.8
9.41,43.7
3.49,161.2
2.77,203.3
53.93,110.0
35.0,31.89
22.0,13.04
32.0,12.35
28.0,28.24
110.0,53.93
135.0,31.89
122.0,13.04
132.0,12.35
128.0,28.24
110.0,53.89
31.89,135.0
13.04,122.0
12.35,132.0
28.34,128.0
33.04,122.0
18.35,132.0
28.24,128.0
25.91,127.0
126.0,25.65
26.03,127.0
25.97,126.0
26.54,127.0
25.79,127.0
26.54,127.0
56.27,36.0
58.98,34.0
56.55,36.0
59.88,35.0
58.79,36.0
39.71,219.0
37.59,219.0
38.63,220.0
38.92,219.0
37.96,219.0
7.37,181.0
7.53,180.0
7.86,182.0
7.73,181.0
7.49,181.0
21.49,40.0
18.76,81.0
18.64,81.0
22.05,41.0
29.58,168.0
24.5,88.0
29.24,310.5
24.19,338.83
29.43,315.17
14.46,319.5
22.65,158.0
13.88,59.3
5.352,45.3
30.97,10.7
7.057,26.5
23.42,18.5
30.42,66.7
11.75,195.0
13.75,167.7
11.28,157.0
5.74,177.0
16.59,253.0
6.64,168.0
7.16,289.3
13.53,99.0
13.87,101.0
13.22,100.0
13.63,97.0
20.29,199.5
33.89,260.0
21.63,133.0
26.03,203.2
22.37,98.3
26.77,120.0
26.73,121.33
24.03,114.17
34.21,129.0
33.42,252.5
39.09,69.83
26.34,183.0
21.36,136.0
29.01,157.0
22.75,88.0
19.0,102.0
20.34,180.0
19.42,200.0
19.84,218.0
19.49,233.0
20.04,191.0
22.07,229.0
22.22,235.0
22.83,242.0
22.54,249.0
21.9,232.0
22.17,246.0
19.78,200.0
22.29,239.0
28.55,323.0
29.17,180.0
27.59,311.0
31.37,312.0
10.0,10.0
21.38,229.0
17.44,188.0
27.49,70.67
25.36,210.0
21.61,237.0
24.5,221.0
21.89,176.0
22.57,156.5
10.0,112.5
81.5,77.0
35.89,252.17
9.14,269.83
7.73,225.0
6.99,107.0
13.12,151.0
1.0,150.0
27.46,97.0
22.17,148.0
22.17,147.0
32.1,72.0
21.37,145.0
22.14,245.0
4.97,254.0
19.59,306.0
29.55,105.0
21.34,261.0
10.87,262.0
20.07,192.0
17.63,173.0
17.86,173.0
17.42,172.0
17.66,172.0
17.37,172.0
17.86,171.0
22.59,220.0
24.37,220.0
29.35,310.0
19.24,164.0
30.58,307.0
19.14,158.0
23.22,221.0
29.63,308.0
19.15,157.0
23.68,220.0
29.24,308.0
19.17,156.0
23.74,218.0
30.25,303.0
18.52,156.0
24.14,218.0
30.04,301.0
18.93,160.0
17.62,208.0
17.54,208.0
16.98,209.0
17.66,206.0
17.57,208.0
17.49,208.0
18.15,150.0
17.99,151.0
18.05,152.0
18.22,150.0
18.27,150.0
18.19,150.0
23.91,213.8
18.38,164.0
18.14,220.7
18.33,222.8
17.25,241.5
25.01,198.7
15.93,167.0
11.92,184.0
11.21,264.0
17.39,217.0
11.72,198.0
28.9,307.8
34.49,265.0
32.75,273.7
35.04,254.8
18.62,216.8
29.29,182.5
26.54,64.0
17.77,50.0
29.88,17.0
13.75,63.0
24.07,11.0
13.52,34.0
6.37,20.0
23.33,19.0
6.92,89.0
5.79,140.0
11.36,161.0
24.7,207.0
15.4,248.0
29.0,156.0
17.6,259.0
19.0,294.0
6.22,133.17
22.99,118.17
12.67,265.17
33.07,228.0
16.89,196.8
32.27,262.2
64.866,65.2
10.21,45.0
22.78,15.0
2.61,220.6
11.23,23.0
11.82,34.3
5.8,93.15
2.53,154.0
5.64,92.5
5.25,69.3
21.33,22.0
21.12,252.67
29.37,105.83
31.43,114.53
30.83,309.44
24.63,213.66
17.55,195.31
22.62,162.5
18.84,171.5
19.74,158.3
18.38,172.8
23.46,238.0
34.9,241.0
34.51,245.0
35.04,255.0
34.49,265.0
18.62,217.0
68.91,95.0
22.5,169.0
9.73,213.0
23.71,11.0
61.0,49.0
24.03,151.0
46.53,178.0
20.12,193.0
21.4,286.0
34.2,251.0
24.04,229.0
10.89,18.0
21.77,12.0
30.2,48.0
23.84,82.0
29.05,156.0
29.18,284.0
17.2,168.0
20.14,230.0
20.88,216.0
23.5,194.0
14.38,196.5
15.42,246.83
16.05,274.83
15.67,247.5
15.67,205.33
24.3,205.33
17.7,179.3
23.76,246.0
26.02,203.3
18.31,230.7
18.93,204.0
16.84,158.6
21.7,252.1
13.37,78.2
23.73,209.3
22.2,230.0
29.73,218.0
21.47,255.0
21.26,268.17
21.32,266.5
17.78,235.5
33.45,275.0
15.21,138.17
18.93,224.3
25.115,224.83
25.625,292.83
18.435,201.17
16.19,262.0
27.34,170.0
16.05,273.0
17.06,217.0
14.56,188.0
24.17,216.0
8.19,304.67
10.48,48.0
5.8,121.0
11.39,140.67
21.97,90.0
29.08,156.5
32.11,289.67
40.38,210.0
34.8,288.0
33.43,278.33
13.25,183.5
8.74,336.0
23.48,225.0
13.62,269.0
12.27,255.0
16.63,205.0
18.89,213.9
22.27,125.0
9.76,373.0
30.08,176.7
30.56,106.2
26.15,345.2
81.18,76.8
9.37,271.7
25.92,187.3
35.84,252.3
23.77,107.67
24.93,57.0
17.59,67.0
21.73,254.0
12.43,131.0
27.69,67.0
16.72,161.0
132.0,27.67
27.66,132.0
28.62,54.5
60.27,27.0
11.63,199.5
8.12,216.2
9.38,136.3
5.67,65.3
21.41,135.5
29.18,284.3
29.1,156.5
27.3,332.8
20.58,131.0
22.35,314.5
48.54,152.8
23.14,167.3
10.62,94.0
2.23,142.8
21.68,75.7
7.14,113.5
2.72,54.5
6.24,31.0
5.78,52.8
4.69,51.0
42.895,177.5
7.38,339.33
12.61,311.33
21.56,251.0
3.06,296.67
13.035,185.67
19.823,195.17
27.75,119.17
14.55,99.5
25.993,103.17
6.33,215.0
15.63,224.0
10.88,197.0
43.11,182.0
37.04,125.0
20.04,99.0
17.3,55.0
15.84,14.5
12.71,29.8
7.82,81.0
22.21,77.17
15.7,36.0
24.68,210.0
13.64,205.5
23.88,229.0
15.33,313.2
21.78,267.3
25.89,136.7
47.34,203.0
6.82,331.0
3.36,321.0
3.88,237.0
17.48,330.0
3.53,333.0
13.21,259.0
39.9,200.5
7.83,211.17
25.73,334.17
9.87,196.0
2.58,327.83
11.93,268.33
16.66,276.33
16.38,278.67
16.99,146.3
66.54,97.2
55.67,113.0
2.1,166.2
11.6,173.5
19.13,196.33
16.37,130.0
32.95,131.0
46.7,233.5
5.2,205.5
21.9,181.0
11.7,210.6
22.4,223.8
4.08,168.0
12.2,79.0
5.58,55.0
6.44,88.0
2.28,125.0
4.0,46.0
4.69,179.83
3.67,199.0
7.22,162.0
10.22,238.0
6.13,330.67
21.91,150.0
24.07,174.0
25.46,201.0
26.97,225.0
28.05,250.0
27.43,114.0
23.63,106.0
18.93,151.0
21.04,111.0
18.93,79.0
19.84,118.5
32.13,100.67
12.35,190.83
3.69,232.0
55.64,101.5
21.32,136.0
29.12,285.0
22.32,315.0
17.02,168.0
29.02,156.0
21.81,137.0
21.61,135.0
21.52,135.0
21.13,136.0
21.02,135.0
20.63,135.0
29.13,285.0
29.13,157.0
17.21,169.0
29.21,284.0
29.01,285.0
29.23,285.0
29.02,285.0
22.22,314.0
22.31,315.0
22.33,315.0
22.53,315.0
22.31,315.0
17.22,168.0
16.72,169.0
16.83,168.0
16.83,168.0
17.11,169.0
29.01,156.0
29.02,256.0
29.13,156.0
29.21,157.0
28.92,157.0
27.43,332.0
27.31,333.0
27.32,333.0
27.32,333.0
27.21,333.0
22.86,235.7
18.63,218.0
36.83,232.0
24.05,224.5
30.73,275.5
21.61,132.67
24.71,140.83
25.45,147.33
18.96,130.0
25.11,131.0
17.9,178.5
25.11,133.0
22.27,171.5
17.28,149.5
19.26,158.5
34.3,126.3
26.06,212.0
14.03,204.0
15.26,238.0
15.67,227.0
23.82,229.0
16.91,256.5
20.83,149.7
17.23,153.0
23.75,111.0
14.58,160.0
17.2,79.0
13.03,70.0
8.62,49.0
30.77,92.0
9.0,52.0
5.16,139.0
13.72,187.0
11.39,182.0
5.45,144.0
4.95,138.0
11.96,283.0
13.23,288.0
17.92,299.0
6.72,248.0
9.68,274.0
13.43,71.0
19.61,259.0
15.99,230.0
14.22,211.0
12.72,195.0
16.27,235.0
10.79,86.0
20.03,112.0
8.59,71.0
10.07,83.0
20.96,120.0
11.46,91.0
5.94,109.0
5.8,107.0
9.36,131.0
6.44,113.0
23.84,156.0
8.07,125.0
6.85,270.0
23.26,176.0
15.79,206.0
7.27,240.0
4.99,256.0
6.91,274.0
6.97,274.0
6.72,273.0
6.79,267.0
6.73,273.0
6.83,272.0
23.45,174.0
16.255,143.5
27.445,192.6
27.6,185.5
25.24,198.8
23.21,125.8
25.42,213.7
21.98,174.7
20.35,191.5
25.38,230.3
23.98,165.7
17.4,157.0
23.2,235.0
17.39,256.8
23.05,243.0
20.95,141.0
19.88,291.67
18.51,229.5
28.35,162.5
24.2,220.33
24.56,149.67
20.0,153.5
22.07,182.33
24.14,235.67
10.86,269.3
24.07,163.3
25.032,161.17
32.643,287.67
21.02,253.17
9.96,167.0
11.01,105.0
12.47,240.0
33.89,259.0
19.85,296.0
21.6,181.0
23.0,157.0
24.66,157.2
24.9,215.3
16.57,202.2
1.0,1.0
74.26,92.83
25.64,220.5
34.93,245.83
21.0,285.5
23.5,79.5
25.74,46.67
24.83,206.67
26.01,126.5
20.76,52.83
22.31,98.33
18.31,205.0
19.43,214.0
25.15,220.0
29.5,231.0
18.97,208.0
25.35,220.0
25.0,220.0
24.52,220.0
25.62,220.0
25.42,220.0
24.96,220.0
29.55,211.0
29.94,231.0
29.54,231.0
30.47,231.0
12.5,205.0
18.25,205.0
18.38,205.0
18.37,205.0
18.2,205.0
18.13,205.0
19.2,208.0
18.29,208.0
18.8,208.0
19.0,208.0
19.5,208.0
19.02,208.0
19.32,214.0
18.8,214.0
19.18,214.0
19.74,214.0
19.38,214.0
19.22,212.0
18.8,212.0
19.18,212.0
19.74,212.0
19.38,212.0
18.72,212.0
13.72,126.0
11.23,114.0
38.57,54.0
51.23,132.0
18.83,84.0
29.8,320.2
7.6,180.0
7.6,178.0
22.2,40.0
12.26,103.0
18.52,224.2
26.45,129.0
10.42,206.0
10.35,207.0
9.94,218.0
9.58,188.0
16.42,206.0
16.35,207.0
14.58,188.0
14.94,218.0
17.68,100.0
26.98,190.0
29.19,158.0
5.8,285.0
20.81,202.0
40.11,28.0
32.54,33.0
16.9,190.0
20.26,160.6
47.51,141.0
25.61,147.2
39.54,110.5
26.3,137.0
25.81,136.7
13.83,207.0
13.38,267.0
13.93,201.0
11.53,219.0
12.39,221.0
13.28,261.0
4.99,251.0
5.04,249.0
5.33,248.0
4.82,254.0
4.91,252.0
15.63,201.0
14.98,212.0
15.79,206.0
14.73,210.0
15.23,209.0
6.91,274.0
6.97,274.0
6.72,273.0
6.73,273.0
6.79,267.0
23.24,176.0
24.62,171.0
22.58,173.0
23.73,178.0
22.93,169.0
4.88,258.0
4.99,255.0
5.13,254.0
4.94,257.0
4.85,256.0
7.17,243.0
7.22,241.0
7.38,238.0
7.29,245.0
7.18,243.0
7.27,240.0
4.89,253.0
16.09,205.0
6.85,270.0
23.56,175.0
4.92,256.0
58.056,104.0
20.328,138.0
25.472,129.0
5.59,197.0
24.158,224.0
5.286,120.0
25.44,214.33
22.38,159.17
8.79,136.5
33.83,136.0
29.56,110.0
12.09,34.0
12.38,39.0
11.93,32.0
12.32,40.0
11.76,32.0
11.43,36.0
122.0,19.46
19.74,113.0
19.92,116.0
19.43,124.0
19.67,120.0
19.44,123.0
15.47,229.0
15.79,222.0
13.97,224.0
13.49,218.0
14.63,220.0
13.07,227.0
13.73,223.3
19.61,119.67
27.59,172.16
16.73,252.67
24.8,225.0
19.38,146.68
19.07,25.83
20.65,25.33
21.02,158.0
21.3,160.0
21.12,157.0
20.86,158.0
20.93,157.0
21.07,158.0
21.81,188.0
31.39,148.0
30.76,229.0
20.69,165.0
21.25,191.0
22.09,188.0
21.91,189.0
22.47,187.0
21.83,188.0
31.21,150.0
31.17,146.0
31.7,143.0
31.46,155.0
31.03,157.0
31.06,228.0
31.58,241.0
30.63,215.0
30.33,230.0
30.71,231.0
20.65,171.0
20.58,150.0
20.74,147.0
20.82,176.0
20.43,170.0
23.71,183.0
24.02,177.0
23.91,193.0
24.31,190.0
24.12,174.0
24.56,87.0
23.45,111.0
17.08,168.0
8.4,285.0
27.35,332.0
29.18,284.0
4.97,8.7
4.93,8.7
4.97,86.0
4.93,87.0
4.9,87.0
4.96,86.0
4.93,88.0
9.84,228.0
3.74,149.0
6.6,221.0
10.58,1.6
43.93,172.33
28.5,174.67
29.06,172.0
11.95,246.83
12.46,180.83
21.73,248.67
28.76,165.17
20.84,182.67
22.27,164.67
23.04,153.0
27.408,157.0
34.315,163.0
27.67,184.0
24.567,200.0
11.675,246.0
33.272,290.0
30.03,156.0
24.82,214.0
19.74,302.0
21.42,162.0
23.14,238.0
40.49,187.0
20.3,206.0
20.01,195.0
19.5,241.0
16.7,273.0
17.0,218.0
21.32,167.0
23.6,211.0
16.475,170.33
18.59,123.67
31.912,145.0
21.39,191.0
19.88,200.3
21.8,128.0
49.4,136.0
29.38,165.0
30.65,147.0
25.95,190.0
11.18,245.0
13.07,231.5
8.975,235.6
14.01,288.0
22.92,120.3
15.95,178.0
29.81,105.83
24.87,138.17
2.9,297.83
17.35,120.17
6.99,280.67
2.81,228.67
17.61,98.0
2.72,229.0
2.78,257.0
1.84,171.0
4.09,142.0
96.0,17.06
98.0,18.81
98.0,17.73
17.06,98.0
16.62,149.0
35.42,171.0
20.38,229.0
28.17,86.83
12.13,179.5
16.875,191.33
29.58,165.0
16.91,193.0
17.01,194.0
16.5,191.0
17.02,190.0
17.01,190.0
16.8,190.0
28.8,165.0
29.5,165.0
28.87,165.0
29.87,165.0
30.15,165.0
30.31,165.0
30.1,161.0
28.15,161.0
28.8,161.0
30.93,161.0
30.56,161.0
30.23,161.0
58.02,107.0
59.69,107.0
60.24,107.0
59.66,107.0
58.32,107.0
57.22,107.0
4.07,131.0
4.16,131.0
4.06,131.0
4.14,131.0
4.03,131.0
4.2,131.0
15.03,178.0
14.99,178.0
15.67,178.0
15.32,178.0
16.03,178.0
15.98,178.0
11.36,327.0
20.62,16.0
14.59,47.0
12.12,75.0
17.64,168.0
13.92,147.0
28.14,203.33
12.17,146.83
18.87,196.17
21.47,166.5
6.1,242.0
6.15,242.17
6.33,276.17
6.5,278.67
5.0,288.67
15.45,247.0
15.75,248.0
17.62,257.0
20.32,198.0
19.05,294.0
10.66,25.7
10.87,38.5
10.4,124.0
29.08,163.2
15.97,217.8
25.47,137.0
48.43,149.0
21.7,251.83
29.37,218.0
23.73,209.3
22.2,230.0
21.47,256.0
21.8,136.0
22.3,315.0
29.1,285.0
17.0,168.0
4.8,63.0
19.84,251.3
12.89,280.2
7.58,300.2
3.86,319.5
2.34,229.7
2.34,336.0
17.0,168.0
22.6,311.0
21.0,136.0
29.5,287.0
4.57,58.0
2.68,305.5
3.13,185.3
1.26,87.7
4.86,23.2
2.79,127.0
37.36,118.5
19.5,152.3
38.0,224.7
17.51,210.7
20.3,206.0
24.6,178.0
20.3,223.0
17.0,218.0
18.2,201.0
21.57,177.17
22.15,265.5
26.61,184.0
27.36,332.67
18.63,222.0
32.89,135.17
18.11,161.0
30.36,158.0
18.35,222.5
23.46,210.0
17.92,241.0
26.58,197.0
23.44,157.0
25.17,202.0
20.47,178.0
20.42,266.0
23.7,150.0
10.58,197.0
26.27,198.0
9.44,240.0
12.69,239.0
39.51,211.0
45.99,179.0
40.44,204.0
24.19,165.0
30.46,159.0
16.95,235.0
14.95,235.0
8.38,269.0
5.47,251.0
6.93,264.0
11.88,178.0
6.98,275.0
99.0,20.71
20.71,99.0
12.72,201.0
19.29,163.0
23.51,231.0
26.03,144.0
23.77,253.0
19.98,149.0
15.84,307.2
33.47,206.8
31.84,191.8
12.44,249.5
19.02,168.5
17.0,168.0
23.13,157.0
22.85,231.0
29.1,285.0
22.75,162.0
6.08,227.0
14.9,253.0
21.73,286.0
21.04,298.0
13.17,283.0
19.79,198.5
21.65,268.0
20.89,187.5
28.95,48.67000000000001
7.65,21.0
20.14,18.0
29.79,13.0
18.8,45.0
5.91,85.0
3.9,76.0
27.5,89.67
12.34,128.17
12.32,125.0
13.9,76.0
17.2,185.0
15.91,185.0
13.9,176.0
23.9,176.0
23.9,196.0
21.3,136.0
74.86,78.17
30.76,32.83
18.29,201.33
24.58,148.0
20.46,223.83
20.3,206.0
24.61,178.0
20.3,218.0
17.0,218.0
18.21,201.0
37.65,219.0
18.44,212.0
38.51,233.0
38.5,187.0
4.83,171.0
16.99,61.8
22.23,123.0
21.33,169.0
12.16,158.3
8.29,100.0
24.52,186.0
27.75,232.0
19.55,251.0
12.82,280.0
21.48,166.0
18.67,304.0
22.94,156.0
18.38,220.0
17.05,168.0
27.2,333.0
17.0,218.0
21.343,174.5
20.6,188.3
21.58,168.3
20.8,185.0
20.62,146.0
25.31,201.0
21.25,107.0
11.07,47.0
25.83,197.0
19.79,200.0
17.17,244.0
26.53,177.0
40.0,50.0
41.0,50.0
42.0,50.0
43.0,50.0
44.0,50.0
18.6,233.3
23.02,244.2
21.39,158.0
30.53,229.0
24.13,229.0
19.55,125.84
24.14,153.5
28.49,176.17
26.09,198.83
21.92,272.67
10.76,183.0
14.7,188.0
11.9,261.0
6.78,238.0
5.63,170.0
21.42,166.0
22.36,161.0
31.42,296.0
81.04,64.0
22.23,253.0
33.74,124.0
41.95,178.7
43.54,172.3
25.78,201.3
14.92,316.3
20.91,188.8
20.67,157.33
13.39,205.27
16.12,91.17
23.34,237.0
22.39,205.27
26.12,97.17
23.77,108.17
6.64,155.0
7.21,142.0
6.42,158.0
2.13,261.3
5.52,160.0
15.53,178.0
19.13,214.0
17.17,260.0
19.64,206.0
21.16,281.0
15.53,178.0
19.13,214.0
17.17,260.0
21.16,281.0
14.21,211.0
19.64,206.0
8.17,256.0
8.51,250.0
8.51,251.0
8.32,253.0
8.07,256.0
8.35,251.0
6.82,209.0
6.6,208.0
6.74,207.0
6.69,208.0
6.56,210.0
6.61,208.0
26.22,176.0
27.43,173.0
26.61,178.0
27.53,174.0
27.2,177.0
28.1,178.0
12.02,335.0
11.74,333.0
11.68,331.0
11.95,336.0
11.93,334.0
12.01,332.0
2.09,283.0
2.14,284.0
2.19,284.0
2.14,283.0
2.12,283.0
2.07,284.0
22.07,247.7
9.27,110.3
9.38,112.2
4.91,176.0
15.05,315.3
4.88,179.0
15.41,180.5
20.09,253.0
10.44,253.0
16.15,162.83
15.65,240.33
20.5,269.8
19.5,241.0
20.3,223.0
11.8,183.5
12.9,161.0
21.3,151.0
24.35,181.3
23.46,164.2
36.07,223.8
25.77,158.7
17.67,154.3
12.13,92.0
6.76,123.3
6.81,120.5
20.52,82.0
34.77,59.8
13.44,230.5
20.52,282.0
34.77,259.8
23.44,237.8
19.74,205.3
18.38,236.8
5.41,175.0
2.54,104.0
3.2,99.0
1.95,143.0
3.55,239.0
4.54,180.0
6.75,144.0
8.3,154.0
8.76,157.3
6.51,163.0
3.73,200.5
7.31,230.5
1.7,192.5
5.3,285.5
18.2,72.5
21.06,130.75
21.8,99.0
17.64,118.0
23.5,153.3
14.54,231.8
23.3,210.7
34.39,231.5
17.52,241.2
24.22,160.2
37.21,220.0
17.85,236.0
24.04,222.0
32.23,151.0
19.62,210.0
19.92,282.0
34.9,241.0
34.51,245.0
18.99,159.0
18.13,172.0
23.23,227.0
11.78,133.0
19.31,213.0
21.38,176.0
23.44,238.0
21.32,268.0
10.49,161.5
11.73,150.5
16.44,206.7
29.1,285.0
22.3,315.0
21.3,136.0
24.01,214.17
12.67,193.67
32.05,151.17
13.93,169.0
35.8,257.33
15.39,222.83
19.85,294.67
21.53,264.0
16.83,73.83
32.41,15.0
5.47,246.67
19.38,157.0
29.41,102.0
10.16,171.0
18.75,162.0
27.36,203.0
18.24,171.0
6.36,260.3
4.87,102.8
9.82,159.3
3.45,143.2
3.98,193.0
29.66,112.8
27.44,186.1
12.18,253.8
45.17,159.8
18.28,221.5
10.81,30.0
6.34,25.0
3.79,59.0
7.84,63.0
10.02,18.0
7.27,99.0
11.4,196.0
10.22,330.0
27.0,128.0
10.98,172.0
13.2,158.0
20.96,284.0
36.62,225.0
15.98,158.0
28.08,180.0
34.83,250.67
46.26,183.83
22.07,167.0
29.16,285.0
17.07,168.5
29.03,156.5
23.01,175.5
23.5,121.0
16.62,151.0
22.57,232.0
19.18,217.0
17.05,173.0
27.74,169.5
31.8,178.8
12.61,62.2
20.49,149.8
21.38,140.3
21.3,136.0
21.32,136.0
22.35,315.0
29.11,285.0
17.0,168.0
19.03,150.0
11.097,145.8
17.14,149.2
23.882,146.7
32.712,135.5
19.22,125.0
14.85,185.5
12.73,237.33
26.14,195.67
35.88,233.83
27.53,341.5
50.77,150.33
18.49,227.5
34.62,238.0
25.47,136.17
25.24,134.5
11.9,165.67
40.36,191.8
40.78,202.2
17.51,188.7
43.1,183.3
3.85,68.0
11.96,109.0
8.42,131.0
21.51,103.0
3.97,242.0
9.26,217.0
25.92,97.0
25.52,193.17
24.03,145.33
27.43,174.0
23.88,221.17
15.51,41.83
19.12,102.0
24.82,205.0
26.2,77.17
39.28,202.17
7.15,135.17
35.61,235.2
18.0,221.3
17.5,97.7
60.9,97.7
12.33,201.0
4.54,276.3
21.7,252.1
23.83,209.3
21.4,255.1
22.3,230.0
29.24,218.0
22.61,147.5
17.89,162.5
21.250000000000004,173.3
24.28,219.0
29.05,244.2
19.24,207.0
25.06,194.8
25.3,225.5
21.56,182.3
28.15,173.6
19.06,212.67
11.21,133.33
5.27,148.83
22.47,238.17
20.83,189.17
18.98,210.0
18.85,211.0
19.22,210.0
18.95,215.0
19.24,214.0
11.26,131.0
5.25,149.0
23.26,238.0
21.12,190.0
11.09,134.0
5.26,149.0
23.04,238.0
19.74,189.0
11.15,134.0
5.45,148.0
23.2,238.0
21.41,189.0
11.38,134.0
5.31,149.0
22.18,238.0
20.73,189.0
19.11,213.0
11.15,133.0
5.05,149.0
22.84,238.0
20.98,189.0
22.17,129.83
47.45,156.17
32.04,112.33
29.41,79.5
6.03,118.33
20.03,185.0
13.84,187.5
15.24,173.83
22.02,234.5
28.4,194.67
22.83,231.17
19.61,313.5
17.73,237.67
22.98,74.5
23.32,149.0
21.67,65.83
16.75,351.7
4.89,101.8
18.5,68.0
29.3,103.5
26.43,120.8
19.08,133.0
19.17,134.0
17.4,200.0
16.21,226.0
12.75,164.0
15.26,251.0
12.98,160.0
20.81,258.0
18.45,271.0
27.3,177.0
4.48,233.0
4.49,235.0
3.98,253.0
10.3,245.0
27.05,179.0
28.13,178.0
36.33,238.83
21.27,106.5
7.88,137.17
9.02,170.0
148.0,16.64
11.68,165.0
10.85,262.0
20.07,192.0
21.33,261.0
5.9,252.0
5.78,152.0
23.46,238.0
34.9,241.0
18.99,159.0
18.13,172.0
19.92,281.0
26.93,271.0
11.82,218.0
3.995,266.0
3.94,204.0
17.18,256.0
24.94,237.17
24.97,204.5
25.72,182.17
26.95,323.67
38.9,166.67
11.86,173.0
34.47,256.0
20.3,281.0
16.93,263.0
27.89,185.0
24.65,218.0
31.5,285.0
17.13,171.0
32.15,286.0
3.23,128.0
9.98,111.0
6.73,151.0
4.09,107.0
6.38,193.0
25.15,196.83
19.42,204.17
17.8,235.33
30.84,255.33
18.05,180.83
24.51,223.83
22.465,183.17
25.58,293.8
19.24,207.1
25.285,136.8
26.28,174.3
12.44,305.17
9.74,225.0
24.44,229.0
21.49,271.3
10.203,144.5
17.46,155.0
21.28,224.33
22.0,233.67
26.95,228.83
14.13,144.83
10.89,240.17
14.02,204.0
22.28,253.0
30.44,306.0
25.33,210.0
19.12,211.0
21.22,173.0
11.01,214.0
21.87,251.0
10.25,139.0
6.95,194.5
16.02,190.0
33.93,232.3
24.78,139.8
21.21,253.3
27.69,67.8
9.5,220.0
10.2,328.0
12.1,280.0
8.8,331.0
11.3,310.0
21.87,175.0
32.21,306.3
25.17,203.7
45.53,164.0
20.4,156.3
7.91,142.5
6.2,183.2
24.2,206.2
4.58,225.0
6.15,288.2
26.36,186.67
43.46,179.5
22.01,243.67
36.86,216.0
24.66,219.67
8.79,181.0
20.87,280.0
59.47,113.0
12.28,250.0
26.5,189.0
26.22,296.3
21.41,183.0
9.29,292.3
9.25,241.0
21.96,191.0
61.145,87.0
22.17,239.17
10.19,222.17
42.8,172.83
23.25,147.67
2.55,166.0
22.07,164.5
18.81,219.17
22.25,159.17
19.4,199.17
20.81,208.83
21.77,184.5
19.7,206.0
20.22,197.0
21.93,260.0
18.26,169.0
22.46,152.0
24.81,200.0
21.02,175.0
19.57,203.0
27.13,186.3
27.5,152.0
27.0,161.0
27.2,172.0
27.1,188.0
27.0,215.0
27.0,230.0
20.1,230.0
21.3,158.0
21.9,188.0
30.4,229.0
31.4,148.0
20.7,165.0
19.16,54.67
9.72,27.5
19.03,39.83
4.34,122.0
29.1,165.83
19.16,154.67
19.72,127.5
19.03,139.83
14.34,122.0
13.75,167.7
11.28,157.0
5.74,177.0
16.59,253.0
6.64,168.0
7.16,289.3
113.0,11.67
46.0,24.71
83.0,5.97
61.0,22.23
41.0,26.13
105.0,3.18
130.0,6.05
107.0,9.03
66.0,13.86
11.67,113.0
24.71,46.0
5.97,83.0
22.23,61.0
26.13,41.0
3.18,105.0
4.4,66.0
10.56,110.0
9.5,212.0
13.98,212.33
16.13,212.67
16.33,212.67
16.4,194.0
45.12,166.67
16.13,206.0
27.41,186.0
35.47,120.0
8.06,263.0
26.24,193.0
26.53,193.0
3.15,105.0
53.22,26.0
22.62,57.0
25.39,101.0
26.44,101.0
26.53,101.0
56.37,123.0
38.79,69.2
26.39,193.0
25.92,101.0
27.52,91.8
54.91,123.0
11.01,164.5
24.48,36.5
22.9,50.0
6.97,60.83
5.23,137.33
28.66,120.0
25.0,139.0
27.47,180.0
28.69,120.0
24.75,139.0
27.43,180.0
20.17,207.0
64.87,87.5
14.61,190.0
6.33,200.5
10.36,198.0
17.65,341.0
7.55,248.2
44.29,158.7
26.28,120.0
23.49,231.0
21.89,169.7
17.76,140.0
11.16,173.67
20.42,115.0
4.46,302.17
43.82,105.33
41.06,98.17
35.19,106.33
9.46,153.0
27.35,166.17
31.22,102.0
28.27,218.67
22.36,150.83
118.5,37.36
19.5,152.3
102.0,31.22
17.51,210.7
37.36,118.5
38.0,224.7
19.45,152.3
26.53,177.0
19.79,200.0
25.83,197.0
17.17,244.0
21.89,168.7
44.291,158.7
19.24,207.0
24.06,194.8
25.3,225.5
30.08,279.0
32.49,262.0
33.63,261.0
28.26,275.0
28.48,260.0
31.79,275.0
30.9,267.0
30.04,273.0
29.02,287.0
28.55,295.0
32.85,250.0
31.29,264.0
35.65,253.0
32.38,267.0
31.97,256.0
31.39,280.0
35.36,247.0
33.35,268.0
34.68,255.0
33.57,257.0
31.15,257.0
26.21,293.0
29.3,278.0
28.38,271.0
23.51,281.0
30.41,257.0
36.54,240.0
29.54,263.0
23.46,238.0
34.9,241.0
34.51,245.0
35.04,255.0
34.49,265.0
18.62,217.0
5.25,116.0
11.76,114.0
12.17,132.0
9.44,135.0
24.32,52.0
15.03,225.0
17.56,256.0
16.31,262.0
16.39,263.0
16.42,266.0
24.5,205.0
